nome,squadra,ruolo,posizione_raw,nazionalita,eta,presenze,titolarita,minuti,gol,assist,xG,xA,gialli,rossi,punteggio,valore_crediti,quotato,ha_dati_avanzati,dati_incompleti
Lautaro Martínez,Inter,A,FW,ARG,27,30,27,2159,17,6,17.14,6.29,4,0,85.0903333333333,106,True,True,False
Marcus Thuram,Inter,A,FW,FRA,27,29,24,1900,13,6,11.9,4.47,2,0,66.02866666666668,85,True,True,False
Rasmus Højlund,Napoli,A,FW,DEN,22,33,32,2750,12,5,13.31,3.27,1,0,64.66733333333333,84,True,True,False
Donyell Malen,Roma,A,FW,NED,26,18,18,1467,14,2,15.2,1.55,1,0,64.465,84,True,True,False
Anastasios Douvikas,Como,A,FW,GRE,25,38,25,2273,14,1,15.17,2.24,0,0,65.18633333333332,84,True,True,False
Nikola Krstović,Atalanta,A,FW,MNE,25,33,18,1791,10,5,15.67,3.23,4,0,59.427,78,True,True,False
Keinan Davis,Udinese,A,FW,ENG,27,30,27,2065,10,4,9.89,4.33,5,0,52.60766666666667,70,True,True,False
Giovanni Simeone,Torino,A,FW,ARG,30,32,27,2230,11,0,11.18,1.86,1,0,50.34866666666667,68,True,True,False
Armand Laurienté,Sassuolo,A,FW,FRA,26,38,33,2592,7,9,4.39,8.51,4,0,48.343999999999994,66,True,True,False
Andrea Pinamonti,Sassuolo,A,FW,ITA,26,36,32,2552,9,3,11.53,1.78,2,1,49.05733333333333,66,True,True,False
Rafael Leão,Milan,A,FW,POR,26,29,23,1851,9,3,9.6,4.98,5,0,47.893,65,True,True,False
Moise Kean,Fiorentina,A,FW,ITA,25,26,23,2036,8,1,15.38,0.06,4,0,46.63533333333332,64,True,True,False
Christian Pulisic,Milan,A,FW,USA,26,30,18,1609,8,4,9.54,5.04,0,0,46.05366666666666,63,True,True,False
Mateo Pellegrino,Parma,A,FW,ARG,24,37,34,2984,9,1,9.91,2.14,5,0,46.199333333333335,63,True,True,False
Gianluca Scamacca,Atalanta,A,FW,ITA,26,24,16,1315,10,1,8.87,1.36,2,0,43.75166666666666,60,True,True,False
Jonathan David,Juventus,A,FW,CAN,25,35,20,1781,6,4,11.46,4.23,0,0,42.65833333333333,59,True,True,False
Domenico Berardi,Sassuolo,A,FW,ITA,30,26,24,1958,8,4,6.78,5.06,2,1,42.535333333333334,59,True,True,False
Sebastiano Esposito,Cagliari,A,FWMF,ITA,23,36,34,2675,7,5,5.74,5.58,6,0,42.69433333333334,59,True,True,False
Francesco Esposito,Inter,A,FW,ITA,20,35,15,1571,7,3,9.86,2.06,1,0,40.18633333333333,56,True,True,False
Christopher Nkunku,Milan,A,FW,FRA,27,32,15,1356,7,3,9.94,1.61,0,0,39.70399999999999,55,True,True,False
Santiago Castro,Bologna,A,FW,ARG,20,35,26,2359,7,2,8.3,2.73,3,0,39.07966666666666,55,True,True,False
Nicolò Zaniolo,Udinese,A,FWMF,ITA,26,32,28,2257,5,6,6.14,5.69,8,0,37.94366666666666,53,True,True,False
Ché Adams,Torino,A,FW,SCO,29,33,19,1893,6,2,6.61,3.21,0,0,33.563,48,True,True,False
Dušan Vlahović,Juventus,A,FW,SRB,25,19,11,968,7,1,7.54,1.25,0,0,32.96133333333333,47,True,True,False
Albert Guðmundsson,Fiorentina,A,FWMF,ISL,28,33,27,2250,5,4,5.8,3.78,4,1,32.728,47,True,True,False
Ange-Yoan Bonny,Inter,A,FW,CIV,21,33,10,1142,5,4,4.58,2.67,1,0,29.051333333333332,43,True,True,False
Gustav Isaksen,Lazio,A,FW,DEN,24,30,18,1593,5,1,5.41,0.88,0,0,25.975,39,True,True,False
Roberto Piccoli,Fiorentina,A,FW,ITA,24,32,16,1672,4,1,6.83,1.59,1,0,25.286666666666665,38,True,True,False
Matteo Cancellieri,Lazio,A,FW,ITA,23,30,21,1725,4,2,5.22,1.92,6,0,25.040999999999997,37,True,True,False
Gennaro Borrelli,Cagliari,A,FW,ITA,25,27,13,1275,5,1,4.58,0.87,4,0,23.993,36,True,True,False
Pedro,Lazio,A,FWMF,ESP,38,29,9,982,5,2,2.25,2.81,4,0,23.072666666666667,35,True,True,False
Mattia Zaccagni,Lazio,A,FW,ITA,30,26,26,2104,3,0,6.38,2.79,6,1,21.236666666666665,33,True,True,False
Tijjani Noslin,Lazio,A,FW,NED,26,29,9,1148,4,2,4.32,2.39,6,1,21.681333333333335,33,True,True,False
Duván Zapata,Torino,A,FW,COL,34,28,11,1103,3,1,4.4,2.68,0,0,19.076333333333334,30,True,True,False
David Neres,Napoli,A,FWMF,BRA,28,16,10,922,3,3,1.48,3.79,3,0,18.536666666666665,29,True,True,False
Evan Ferguson,Roma,A,FW,IRL,20,16,10,773,3,2,3.48,1.69,1,0,18.128333333333334,28,True,True,False
Cristian Volpato,Sassuolo,A,FW,AUS,21,24,11,1064,2,4,1.75,2.9,4,0,17.163333333333334,27,True,True,False
Semih Kılıçsoy,Cagliari,A,FW,TUR,19,22,11,975,4,0,2.05,0.39,1,0,16.019,26,True,True,False
Thijs Dallinga,Bologna,A,FW,NED,24,23,9,811,2,2,3.89,0.72,2,0,15.201666666666666,25,True,True,False
Valentín Castellanos,Lazio,A,FW,ARG,26,11,8,692,2,3,2.06,2.22,2,0,15.057333333333332,24,True,True,False
Adam Buksa,Udinese,A,FW,POL,29,25,6,922,3,0,2.78,1,3,0,14.022666666666666,23,True,True,False
Ademola Lookman,Atalanta,A,FWMF,NGA,27,12,9,795,2,0,3.85,2.28,0,0,13.362999999999998,22,True,True,False
Boulaye Dia,Lazio,A,FWMF,SEN,28,27,14,1253,1,2,2.7,1.71,1,0,12.604333333333331,21,True,True,False
Gabriel Strefezza,Parma,A,FW,BRA,28,14,13,1007,2,2,1.06,1.07,3,0,12.492333333333333,21,True,True,False
Alieu Fadera,Sassuolo,A,FW,GAM,23,28,8,987,2,1,2.36,0.88,5,0,12.155,20,True,True,False
Daniel Maldini,Lazio,A,FW,ITA,23,12,9,687,2,1,2.15,0.56,0,0,11.511,19,True,True,False
Jack Harrison,Fiorentina,A,FWMF,ENG,28,15,10,981,1,3,0.92,1.33,1,0,10.986999999999998,19,True,True,False
Manor Solomon,Fiorentina,A,FWMF,ISR,26,16,9,890,2,1,1.01,2.41,1,0,11.54133333333333,19,True,True,False
Noa Lang,Napoli,A,FWMF,NED,26,18,7,666,1,2,1.37,1.97,2,0,9.786,17,True,True,False
Cyril Ngonge,Torino,A,FW,BEL,25,20,11,994,1,1,2.76,0.56,2,0,9.954666666666668,17,True,True,False
Niclas Füllkrug,Milan,A,FW,GER,32,20,3,659,1,0,3.41,2.28,0,0,9.508333333333333,16,True,True,False
Loïs Openda,Juventus,A,FWMF,BEL,25,24,6,666,1,0,3.65,0.6,0,0,8.950000000000001,16,True,True,False
Patrick Cutrone,Parma,A,FW,ITA,27,15,11,888,1,0,3.27,0.66,0,0,9.15,16,True,True,False
Álvaro Morata,Como,A,FW,ESP,32,26,9,930,0,1,4.91,0.78,4,1,8.56,15,True,True,False
Santiago Giménez,Milan,A,FW,MEX,24,16,11,892,0,1,3.79,0.55,2,0,8.214666666666668,15,True,True,False
Adrian Benedyczak,Parma,A,FW,POL,24,14,5,490,1,1,1.99,1.45,1,0,8.474666666666666,15,True,True,False
M'Bala Nzola,Sassuolo,A,FW,ANG,28,14,4,473,1,1,1.85,0.41,1,0,7.604333333333333,14,True,True,False
Gaetano Oristanio,Parma,A,FWMF,ITA,22,20,8,859,1,0,2.4,0.6,1,0,7.821666666666667,14,True,True,False
Vakoun Bayo,Udinese,A,FW,CIV,28,15,4,453,0,2,1.33,0.73,0,0,5.789,11,True,True,False
Jacob Ondrejka,Parma,A,FWMF,SWE,22,16,9,773,0,0,1.42,0.43,2,0,3.6003333333333334,7,True,True,False
Mattia Mosconi,Inter,A,FW,ITA,18,2,0,27,0,0,0.17,0,0,0,0.249,1,False,True,False
Matteo Lavelli,Inter,A,FW,ITA,18,1,0,8,0,0,0,0,0,0,0.013333333333333334,1,False,True,False
Lorenzo Lucca,Napoli,A,FW,ITA,24,16,4,408,1,0,1.91,0.66,1,0,6.318,1,False,True,False
Romelu Lukaku,Napoli,A,FW,BEL,32,5,0,44,1,0,0.59,0.21,1,0,3.6573333333333333,1,False,True,False
Giuseppe Ambrosino,Napoli,A,FW,ITA,21,3,0,38,0,0,0,0,0,0,0.06333333333333332,1,False,True,False
Artem Dovbyk,Roma,A,FW,UKR,28,14,3,393,3,1,3.1,1.29,0,0,15.098999999999997,1,False,True,False
Tommaso Baldanzi,Roma,A,FWMF,ITA,22,10,3,386,1,0,1.35,0.41,2,0,5.359333333333334,1,False,True,False
Leon Bailey,Roma,A,FW,JAM,27,7,1,186,0,0,0.13,0.06,0,0,0.552,1,False,True,False
Robinio Vaz,Roma,A,FW,FRA,18,12,0,216,1,0,0.66,0,0,0,3.9519999999999995,1,False,True,False
Antonio Arena,Roma,A,FW,ITA,16,2,0,23,0,0,0.18,0,0,0,0.2543333333333333,1,False,True,False
Samuel Chukwueze,Milan,A,FWMF,NGA,26,1,0,26,0,0,0,0,0,0,0.04333333333333333,1,False,True,False
Cheveyo Muy,Milan,A,FW,NED,18,2,0,5,0,0,0.08,0,0,0,0.10433333333333333,1,False,True,False
Arkadiusz Milik,Juventus,A,FW,POL,31,2,0,36,0,0,0.26,0,0,0,0.372,1,False,True,False
Nicolás González,Juventus,A,FWMF,ARG,27,2,0,19,0,0,0.08,0.04,0,0,0.15166666666666667,1,False,True,False
Dominic Vavassori,Atalanta,A,FW,ITA,19,1,0,10,0,0,0,0,0,0,0.016666666666666666,1,False,True,False
Ciro Immobile,Bologna,A,FW,ITA,35,6,2,193,0,0,0.06,0.06,1,0,0.47966666666666663,1,False,True,False
Petar Ratkov,Lazio,A,FW,SRB,21,8,2,233,0,0,0.53,0.02,0,0,1.1363333333333334,1,False,True,False
Iker Bravo,Udinese,A,FW,ESP,20,8,3,206,1,0,0.46,0.22,1,0,3.9273333333333333,1,False,True,False
Idrissa Guèye,Udinese,A,FW,SEN,18,19,1,421,1,0,2.26,0.16,2,0,6.259666666666667,1,False,True,False
Walid Cheddira,Sassuolo,A,FW,MAR,27,16,1,221,1,0,0.78,0.09,1,0,4.158333333333333,1,False,True,False
Luca Moro,Sassuolo,A,FW,ITA,24,14,1,211,0,0,0.83,0.26,1,0,1.5036666666666667,1,False,True,False
Nicholas Pierini,Sassuolo,A,FWMF,ITA,26,11,0,142,0,0,0.33,0.12,1,0,0.6546666666666666,1,False,True,False
Laurs Skjellerup,Sassuolo,A,FW,DEN,22,1,0,10,0,0,0.02,0,0,0,0.04066666666666667,1,False,True,False
Nesta Elphege,Parma,A,FW,FRA,24,9,2,309,2,1,2.35,0.36,0,0,10.651,1,False,True,False
Daniel Mikołajewski,Parma,A,FW,POL,19,3,1,70,0,0,0.43,0,0,0,0.6826666666666668,1,False,True,False
Milan Đurić,Parma,A,FW,BIH,35,12,0,74,0,0,0.11,0.09,0,0,0.30933333333333335,1,False,True,False
Alessandro Cardinali,Parma,A,FW,ITA,19,1,0,45,0,0,0,0,0,0,0.075,1,False,True,False
Sandro Kulenović,Torino,A,FW,CRO,25,13,3,300,0,1,0.85,0.34,2,0,3.1739999999999995,1,False,True,False
Paul Mendy,Cagliari,A,FW,SEN,18,9,3,335,2,0,2.39,0.26,1,0,9.282333333333334,1,False,True,False
Andrea Belotti,Cagliari,A,FW,ITA,31,8,3,221,2,0,2.31,0.04,0,0,8.914333333333333,1,False,True,False
Leonardo Pavoletti,Cagliari,A,FW,ITA,36,13,1,227,1,1,1.37,0.36,1,0,6.438333333333333,1,False,True,False
Yael Trepy,Cagliari,A,FW,,,8,0,91,1,0,0.6,0.15,0,0,3.7616666666666663,1,False,True,True
Agustín Albarracín,Cagliari,A,FW,URU,19,2,0,33,0,0,0,0,0,0,0.05499999999999999,1,False,True,False
Edin Džeko,Fiorentina,A,FW,BIH,39,11,2,244,0,0,0.26,0.17,1,0,0.8706666666666666,1,False,True,False
Riccardo Braschi,Fiorentina,A,FW,ITA,18,2,1,105,0,0,0.15,0,0,0,0.40499999999999997,1,False,True,False
Christian Kouamé,Fiorentina,A,FWMF,CIV,27,2,0,27,0,0,0,0,0,0,0.045,1,False,True,False
Giorgio Puzzoli,Fiorentina,A,FW,ITA,19,0,0,0,0,0,,,0,0,0.0,1,False,False,True
Federico Dimarco,Inter,C,MF,ITA,27,35,30,2698,7,16,7.29,15.93,3,0,73.93005555555555,35,True,True,False
Nicolás Paz,Como,C,MF,ARG,20,35,33,2878,12,6,8.9,7.03,5,0,55.43755555555555,27,True,True,False
Kenan Yıldız,Juventus,C,MFFW,TUR,20,36,33,2825,10,6,8.63,10.82,2,0,55.148277777777786,27,True,True,False
Scott McTominay,Napoli,C,MF,SCO,28,33,31,2791,10,3,12.43,2.01,1,0,43.57372222222222,22,True,True,False
Nicolò Barella,Inter,C,MF,ITA,28,34,31,2517,3,8,3.82,7.97,7,0,39.88133333333332,21,True,True,False
Lucas Da Cunha,Como,C,MF,FRA,24,36,31,2739,6,4,6.93,6.02,4,0,37.92216666666666,20,True,True,False
Weston McKennie,Juventus,C,MF,USA,26,36,32,2835,5,5,8.64,5.39,5,0,39.241,20,True,True,False
Nikola Vlašić,Torino,C,MFFW,CRO,27,37,36,3043,8,3,7.41,4.68,7,0,39.43172222222222,20,True,True,False
Hakan Çalhanoğlu,Inter,C,MF,TUR,31,22,20,1639,9,4,5.15,3.48,7,0,36.106722222222224,19,True,True,False
Matías Soulé,Roma,C,MFFW,ARG,22,33,28,2139,6,5,4.68,4.46,1,0,35.477333333333334,19,True,True,False
Jesus Rodríguez,Como,C,MF,ESP,19,31,18,1731,2,9,3.92,6.97,3,1,35.779666666666664,19,True,True,False
Charles De Ketelaere,Atalanta,C,MFFW,BEL,24,31,26,2177,3,5,4.55,10.65,4,0,35.505277777777785,19,True,True,False
Riccardo Orsolini,Bologna,C,MFFW,ITA,28,35,26,2111,10,1,10.89,1.71,2,0,35.997611111111105,19,True,True,False
Paulo Dybala,Roma,C,MFFW,ARG,31,22,15,1354,2,6,6.29,6.36,0,0,30.75038888888889,17,True,True,False
Adrien Rabiot,Milan,C,MF,FRA,30,29,28,2550,6,4,4.36,3.94,6,1,32.382666666666665,17,True,True,False
Francisco Conceição,Juventus,C,MFFW,POR,22,31,27,2078,3,5,8.49,4.16,3,0,32.51927777777778,17,True,True,False
Rolando Mandragora,Fiorentina,C,MF,ITA,28,34,30,2421,7,3,4.7,2.88,7,0,32.166999999999994,17,True,True,False
Martin Baturina,Como,C,MFFW,CRO,22,29,17,1569,6,3,1.9,6.7,0,0,29.101666666666663,16,True,True,False
Andrea Cambiaso,Juventus,C,MFDF,ITA,25,36,35,2769,3,4,2.9,6.85,3,1,29.823333333333327,16,True,True,False
Arthur Atta,Udinese,C,MF,FRA,22,32,29,2557,5,3,4.23,3.25,3,0,29.029722222222222,16,True,True,False
Kristian Thorstvedt,Sassuolo,C,MF,NOR,26,32,27,2460,4,4,6.64,2.63,9,0,30.01366666666667,16,True,True,False
Piotr Zieliński,Inter,C,MF,POL,31,34,22,2045,6,3,2.1,4.24,3,0,28.37544444444444,15,True,True,False
Matteo Politano,Napoli,C,MFFW,ITA,31,34,26,2200,2,5,3.13,5.6,4,0,28.196388888888887,15,True,True,False
Alexis Saelemaekers,Milan,C,MF,BEL,26,35,33,2788,3,3,3.6,4.79,5,0,27.19655555555556,15,True,True,False
Mario Pašalić,Atalanta,C,MF,CRO,30,33,21,1936,3,4,3.45,6.25,3,0,27.72472222222222,15,True,True,False
Jurgen Ekkelenkamp,Udinese,C,MF,NED,25,31,27,2186,5,3,4.73,2.56,1,0,27.879277777777776,15,True,True,False
Máximo Perrone,Como,C,MF,ARG,22,36,33,2742,3,4,2.49,2.54,8,0,26.216833333333334,14,True,True,False
Maxence Caqueret,Como,C,MF,FRA,25,30,17,1485,2,6,1.74,2.78,3,0,24.446999999999996,14,True,True,False
Khéphren Thuram,Juventus,C,MF,FRA,24,35,30,2442,3,3,4.06,2.65,2,0,24.726666666666663,14,True,True,False
Davide Zappacosta,Atalanta,C,MF,ITA,33,35,30,2569,3,3,3.23,4.51,3,0,26.020388888888885,14,True,True,False
Nicola Zalewski,Atalanta,C,MF,POL,23,33,24,1897,2,4,3.14,5.14,3,0,24.896555555555555,14,True,True,False
Marco Palestra,Cagliari,C,MFDF,ITA,20,37,34,3081,1,4,1.65,4.4,3,0,24.794166666666666,14,True,True,False
Kevin De Bruyne,Napoli,C,MF,BEL,34,18,13,1165,5,2,3.52,4.02,1,0,22.796888888888887,13,True,True,False
Lorenzo Pellegrini,Roma,C,MF,ITA,29,24,20,1463,4,2,4.78,3,2,0,22.256111111111114,13,True,True,False
Luka Modrić,Milan,C,MF,CRO,39,34,32,2811,2,3,1.25,4.03,4,0,23.011166666666664,13,True,True,False
Youssouf Fofana,Milan,C,MF,FRA,26,33,28,2203,2,3,4.59,3.64,4,0,23.49405555555556,13,True,True,False
Nicolò Cambiaghi,Bologna,C,MFFW,ITA,24,28,17,1518,3,4,2.92,3.03,3,1,22.18033333333333,13,True,True,False
Ismaël Koné,Sassuolo,C,MF,CAN,23,35,33,2737,6,0,5.08,1.76,5,1,23.41622222222222,13,True,True,False
Nicolò Fagioli,Fiorentina,C,MF,ITA,24,33,30,2554,2,3,1.9,5.22,5,0,23.798555555555552,13,True,True,False
Henrikh Mkhitaryan,Inter,C,MF,ARM,36,30,16,1560,4,1,6.04,3.31,5,0,21.155666666666672,12,True,True,False
Leonardo Spinazzola,Napoli,C,MFDF,ITA,32,32,22,1901,3,3,1.21,2.61,2,0,20.710944444444447,12,True,True,False
Manu Koné,Roma,C,MF,FRA,24,29,28,2456,2,3,1.94,3.5,2,0,22.022777777777776,12,True,True,False
Wesley,Roma,C,MFDF,BRA,21,30,28,2448,5,0,2.48,5.35,7,2,20.824999999999996,12,True,True,False
Manuel Locatelli,Juventus,C,MF,ITA,27,36,36,2994,1,2,2.42,3.83,9,0,20.38533333333333,12,True,True,False
Jonathan Rowe,Bologna,C,MFFW,ENG,22,28,17,1605,3,2,4.98,2.7,2,0,20.461666666666666,12,True,True,False
Federico Bernardeschi,Bologna,C,MFFW,ITA,31,29,12,1217,4,2,3.18,3.57,3,0,20.342444444444443,12,True,True,False
Danilo Cataldi,Lazio,C,MF,ITA,30,27,24,1985,3,3,2.71,2.05,6,0,21.51861111111111,12,True,True,False
Adrian Bernabe,Parma,C,MF,ESP,24,32,31,2470,3,1,2.62,4.64,0,0,21.459888888888887,12,True,True,False
Cesare Casadei,Torino,C,MF,ITA,22,33,19,1997,6,0,4.65,1.81,5,0,21.374277777777774,12,True,True,False
Gianluca Gaetano,Cagliari,C,MFFW,ITA,25,33,21,1912,2,4,2,2.21,4,0,21.157888888888888,12,True,True,False
Petar Sučić,Inter,C,MF,CRO,21,34,21,1765,2,2,2.18,4.04,5,0,18.37322222222222,11,True,True,False
Bryan Cristante,Roma,C,MF,ITA,30,37,36,3094,2,1,2.35,2.28,6,0,18.93005555555556,11,True,True,False
Niccolò Pisilli,Roma,C,MF,ITA,20,25,13,1295,2,4,2.27,2.22,3,0,19.398277777777775,11,True,True,False
Éderson Silva,Atalanta,C,MF,BRA,26,30,26,2230,2,1,5.55,2.21,3,0,18.667055555555553,11,True,True,False
Michel Ndary Adopo,Cagliari,C,MF,FRA,25,38,33,3050,1,2,2.53,2.44,4,0,19.301277777777777,11,True,True,False
Elif Elmas,Napoli,C,MFFW,MKD,25,33,20,1783,1,3,3.64,1.75,3,0,17.79722222222222,10,True,True,False
Frank Anguissa,Napoli,C,MF,CMR,29,18,14,1258,4,1,2.55,1.55,1,0,16.283055555555556,10,True,True,False
Zeki Çelik,Roma,C,MFDF,TUR,28,34,32,2723,1,2,1.77,2.41,2,1,16.97761111111111,10,True,True,False
Devyne Rensch,Roma,C,MFDF,NED,22,24,12,1184,1,4,0.57,2.72,1,0,16.576611111111113,10,True,True,False
Mërgim Vojvoda,Como,C,MFDF,KVX,30,30,19,1591,2,2,1.47,3.09,2,0,16.55905555555556,10,True,True,False
Samuele Ricci,Milan,C,MF,ITA,23,31,11,1312,1,4,2.11,2.78,3,0,17.91005555555555,10,True,True,False
Jens Odgaard,Bologna,C,MF,DEN,26,26,16,1378,5,1,2.73,0.94,1,0,18.045722222222224,10,True,True,False
Toma Bašić,Lazio,C,MF,CRO,28,23,23,1735,2,3,1.31,2.41,0,1,17.647055555555553,10,True,True,False
Kenneth Taylor,Lazio,C,MF,NED,23,17,17,1394,3,2,2.09,1.08,5,0,16.24727777777778,10,True,True,False
Emanuele Valeri,Parma,C,MFDF,ITA,26,34,29,2643,0,2,0.67,3.78,2,0,16.217833333333335,10,True,True,False
Marcus Pedersen,Torino,C,MFDF,NOR,25,29,23,2134,1,2,1.62,2.89,3,0,16.22822222222222,10,True,True,False
Denzel Dumfries,Inter,C,MF,NED,29,20,15,1325,3,1,3.65,1.41,2,0,15.420944444444443,9,True,True,False
Davide Bartesaghi,Milan,C,MFDF,ITA,19,31,27,2441,2,0,1.37,3.91,3,0,15.510944444444446,9,True,True,False
Ruben Loftus-Cheek,Milan,C,MFFW,ENG,29,28,12,1133,3,1,4.14,1.04,2,0,14.788777777777776,9,True,True,False
Marten de Roon,Atalanta,C,MF,NED,34,34,32,2691,1,2,0.82,1.59,8,1,15.215999999999998,9,True,True,False
Lorenzo Bernasconi,Atalanta,C,MF,ITA,21,23,17,1572,0,3,0.42,3.15,3,0,14.183333333333332,9,True,True,False
Remo Freuler,Bologna,C,MF,SUI,33,29,26,2213,1,2,1.68,1.34,5,0,15.21377777777778,9,True,True,False
Valentino Lazaro,Torino,C,MF,AUT,29,31,26,2252,0,2,0.42,3.7,4,0,14.769444444444444,9,True,True,False
Luis Henrique,Inter,C,MF,BRA,23,30,18,1624,1,2,1.15,2.19,1,0,13.792388888888889,8,True,True,False
Stanislav Lobotka,Napoli,C,MF,SVK,30,32,29,2431,1,1,0.41,1.06,3,0,12.713722222222225,8,True,True,False
Assane Diao,Como,C,MF,SEN,19,17,13,1075,2,1,3.18,1.68,2,0,12.845888888888888,8,True,True,False
Jeremie Boga,Juventus,C,MFFW,CIV,28,15,6,679,4,0,4.13,1.67,1,0,13.54938888888889,8,True,True,False
Lazar Samardzic,Atalanta,C,MF,SRB,23,26,11,1030,2,1,2.78,2.38,1,0,12.955888888888891,8,True,True,False
Kamaldeen Sulemana,Atalanta,C,MF,GHA,23,25,9,1011,2,1,2.49,2.28,4,0,12.326166666666666,8,True,True,False
Giacomo Raspadori,Atalanta,C,MFFW,ITA,25,13,7,796,3,1,3.49,1.2,0,0,13.376388888888888,8,True,True,False
Tommaso Pobega,Bologna,C,MF,ITA,26,26,17,1434,3,1,1.84,0.55,2,1,12.691666666666665,8,True,True,False
Jesper Karlström,Udinese,C,MF,SWE,30,36,36,3146,1,0,0.94,0.9,6,0,12.896111111111113,8,True,True,False
Hassane Kamara,Udinese,C,MFDF,CIV,31,26,22,1861,0,2,0.89,2.51,5,0,12.822055555555554,8,True,True,False
Jakub Piotrowski,Udinese,C,MF,POL,27,33,20,1696,1,1,3.21,0.78,2,0,12.248388888888888,8,True,True,False
Mandela Keita,Parma,C,MF,BEL,23,37,36,2979,1,1,0.48,0.28,1,0,13.922,8,True,True,False
Rafel Obrador,Torino,C,MF,ESP,21,16,14,1116,1,3,0.17,1.06,1,0,12.691500000000001,8,True,True,False
Michael Folorunsho,Cagliari,C,MFFW,ITA,27,27,24,1999,2,0,2.95,0.94,3,0,12.800722222222223,8,True,True,False
Cher Ndour,Fiorentina,C,MF,ITA,21,33,20,1876,3,0,2.61,0.35,2,0,13.211388888888887,8,True,True,False
Carlos Augusto,Inter,C,MFDF,BRA,26,34,18,1763,1,1,1.96,1.14,6,0,11.463777777777777,7,True,True,False
Miguel Gutiérrez,Napoli,C,MFDF,ESP,24,28,15,1488,1,1,0.57,1.78,0,0,10.386166666666666,7,True,True,False
Alisson Santos,Napoli,C,MFFW,BRA,22,14,9,834,4,0,1.51,1.61,1,0,12.114833333333333,7,True,True,False
Neil El Aynaoui,Roma,C,MF,MAR,24,25,8,999,1,2,0.96,1.77,5,0,10.923000000000002,7,True,True,False
Stephan El Shaarawy,Roma,C,MFFW,ITA,32,20,5,666,1,2,2.02,1.75,4,0,10.76,7,True,True,False
Zachary Athekame,Milan,C,MFDF,SUI,20,27,7,833,2,2,0.38,1.56,3,0,11.680111111111112,7,True,True,False
Nikola Moro,Bologna,C,MF,CRO,27,30,19,1799,2,0,0.93,2.05,1,0,11.520277777777778,7,True,True,False
Mattéo Guendouzi,Lazio,C,MF,FRA,26,16,16,1428,2,1,1.22,1.02,5,1,10.686333333333334,7,True,True,False
Kingsley Ehizibue,Udinese,C,MFDF,NED,30,32,20,1811,2,0,1.43,0.69,5,0,10.617944444444445,7,True,True,False
Alessandro Zanoli,Udinese,C,MF,ITA,24,19,16,1280,1,2,0.1,1.55,1,0,11.504444444444443,7,True,True,False
Nemanja Matić,Sassuolo,C,MF,SRB,36,34,31,2660,1,1,0.33,0.92,7,1,12.036611111111112,7,True,True,False
Sascha Britschgi,Parma,C,MFDF,SUI,18,29,22,2095,0,2,0.41,2.03,7,1,11.470055555555556,7,True,True,False
Oliver Jensen,Parma,C,MF,DEN,23,34,19,1840,1,1,2.05,0.74,2,0,11.582388888888888,7,True,True,False
Hans Nicolussi Caviglia,Parma,C,MF,ITA,25,15,10,869,0,3,0.73,0.82,0,0,10.316611111111111,7,True,True,False
Gvidas Gineitis,Torino,C,MF,LTU,21,29,23,1756,0,1,0.94,2.68,5,0,10.759222222222224,7,True,True,False
Emirhan İlkhan,Torino,C,MF,TUR,21,19,13,1001,1,2,2.36,1.22,2,1,11.002444444444444,7,True,True,False
Alessandro Deiola,Cagliari,C,MFDF,ITA,29,20,17,1430,0,2,2.23,0.6,3,0,10.830277777777779,7,True,True,False
Luca Mazzitelli,Cagliari,C,MF,ITA,29,18,9,767,2,2,0.71,1.07,3,0,11.499944444444445,7,True,True,False
Fabiano Parisi,Fiorentina,C,MFFW,ITA,24,23,18,1520,1,1,1.3,1.92,6,0,11.130777777777777,7,True,True,False
Antonio Vergara,Napoli,C,MF,ITA,22,12,8,612,1,2,0.71,0.84,2,0,9.1585,6,True,True,False
Jayden Addai,Como,C,MF,NED,19,12,7,686,3,0,1.51,1.02,4,0,9.224944444444443,6,True,True,False
Fabio Miretti,Juventus,C,MF,ITA,21,23,5,617,1,2,1.63,1.25,1,0,10.028611111111111,6,True,True,False
Filip Kostić,Juventus,C,MF,SRB,32,18,4,479,3,1,0.67,0.68,1,0,9.808944444444444,6,True,True,False
Benjamín Domínguez,Bologna,C,MF,ARG,21,15,6,547,0,3,0.65,0.26,1,0,8.677055555555555,6,True,True,False
Marco Brescianini,Fiorentina,C,MF,ITA,25,17,10,862,1,1,2.15,1.14,1,0,9.164055555555557,6,True,True,False
Nicolas-Gerrit Kühn,Como,C,MF,GER,25,23,6,665,1,1,0.9,1.44,0,0,7.778777777777778,5,True,True,False
Pervis Estupiñán,Milan,C,MF,ECU,27,19,13,1034,1,1,0.48,1.58,5,1,7.769777777777779,5,True,True,False
Teun Koopmeiners,Juventus,C,MFDF,NED,27,33,18,1827,0,0,1.79,0.73,5,0,7.299500000000001,5,True,True,False
Raoul Bellanova,Atalanta,C,MF,ITA,25,24,15,1377,0,1,0.5,1.94,2,0,8.401,5,True,True,False
Lewis Ferguson,Bologna,C,MF,SCO,25,27,17,1601,1,0,0.65,1.57,7,1,7.288277777777776,5,True,True,False
Giovanni Fabbian,Bologna,C,MF,ITA,22,14,8,705,2,0,1.95,0.95,0,0,8.024166666666666,5,True,True,False
Fisayo Dele-Bashiru,Lazio,C,MF,NGA,24,24,11,1187,1,0,0.59,1.12,0,0,6.718277777777778,5,True,True,False
Jordan Zemura,Udinese,C,MFDF,ZIM,25,17,13,1127,0,1,0.33,1.27,3,0,6.914944444444444,5,True,True,False
Lennon Miller,Udinese,C,MF,SCO,18,24,9,996,0,2,0.31,1.35,4,0,8.420833333333334,5,True,True,False
Luca Lipani,Sassuolo,C,MF,ITA,20,24,10,1034,0,1,0.92,1.11,3,0,6.766777777777778,5,True,True,False
Matteo Prati,Cagliari,C,MF,ITA,21,20,15,1268,1,0,1.2,1.44,4,0,7.803777777777778,5,True,True,False
Andy Diouf,Inter,C,MF,FRA,22,19,4,493,1,0,0.94,1.75,1,0,5.405555555555556,4,True,True,False
Billy Gilmour,Napoli,C,MF,SCO,24,17,8,805,1,0,0.57,0.48,1,0,4.998388888888889,4,True,True,False
Ardon Jashari,Milan,C,MF,SUI,23,14,7,701,0,1,0.24,1.13,0,0,5.414777777777779,4,True,True,False
Reda Belahyane,Lazio,C,MF,MAR,21,13,5,609,0,2,0.21,1.13,1,1,6.087833333333333,4,True,True,False
Nahuel Estévez,Parma,C,MF,ARG,29,32,9,1049,0,1,0.63,1.1,2,0,6.533611111111111,4,True,True,False
Pontus Almqvist,Parma,C,MF,SWE,26,13,4,457,0,1,0.34,1.82,0,0,5.328555555555556,4,True,True,False
Kristjan Asllani,Torino,C,MF,ALB,23,15,13,1129,0,0,1.16,1.13,3,0,5.315888888888889,4,True,True,False
Ibrahim Sulemana,Cagliari,C,MF,GHA,22,16,7,860,1,0,1.69,0.14,2,0,5.534611111111111,4,True,True,False
Riyad Idrissi,Cagliari,C,MFDF,ITA,20,23,4,783,2,0,0.79,0.25,3,0,6.2575,4,True,True,False
Simon Sohm,Fiorentina,C,MF,SUI,24,16,9,708,0,1,0.18,1.74,2,0,6.014333333333333,4,True,True,False
Davide Frattesi,Inter,C,MF,ITA,25,22,3,569,0,0,2.29,0.6,0,0,3.7619444444444445,3,True,True,False
Yunus Musah,Atalanta,C,MF,USA,22,19,4,574,1,0,0.75,0.11,1,0,3.9670555555555564,3,True,True,False
Nicolò Rovella,Lazio,C,MF,ITA,23,11,6,512,0,1,0.02,1.47,2,1,3.975777777777777,3,True,True,False
Matías Vecino,Lazio,C,MF,URU,33,13,5,603,0,1,0.31,0.51,1,0,4.4915,3,True,True,False
Christian Ordoñez,Parma,C,MF,ARG,21,28,12,1091,1,0,0.45,0.27,5,1,4.514944444444444,3,True,True,False
Matteo Prati,Torino,C,MF,ITA,21,13,7,614,0,1,0.47,0.26,2,0,4.530944444444444,3,True,True,False
Hans Nicolussi Caviglia,Fiorentina,C,MF,ITA,25,11,7,585,0,1,0.12,0.92,4,0,4.718,3,True,True,False
Kostas Tsimikas,Roma,C,MFDF,GRE,29,18,6,644,0,0,0.57,0.08,1,0,2.3706111111111112,2,True,True,False
Sergi Roberto,Como,C,MF,ESP,33,20,5,544,0,0,1.08,0.35,3,0,2.6138888888888885,2,True,True,False
Simon Sohm,Bologna,C,MF,SUI,24,12,9,717,0,0,0.61,0.3,1,0,3.0008333333333335,2,True,True,False
Patric,Lazio,C,MFDF,ESP,32,14,6,667,0,0,0.23,0.31,2,0,2.3337222222222223,2,True,True,False
Aster Vranckx,Sassuolo,C,MF,BEL,22,16,9,690,0,0,0.09,0.1,2,0,2.3308333333333335,2,True,True,False
Zakaria Aboukhlal,Torino,C,MF,MAR,25,15,6,511,0,0,0.41,0.6,4,0,2.3030555555555554,2,True,True,False
Cristiano Biraghi,Torino,C,MFDF,ITA,32,14,5,517,0,0,0.06,0.36,0,0,1.9178888888888888,2,True,True,False
Jacopo Fazzini,Fiorentina,C,MFFW,ITA,22,20,5,584,0,0,0.88,0.72,2,0,2.925777777777778,2,True,True,False
Giovanni Fabbian,Fiorentina,C,MF,ITA,22,15,4,468,0,0,0.72,0.7,2,0,2.4499999999999997,2,True,True,False
Niccolò Fortini,Fiorentina,C,MF,ITA,19,16,2,541,0,0,0.23,0.46,0,0,1.9487222222222222,2,True,True,False
Matteo Darmian,Inter,C,MFDF,ITA,35,6,2,248,0,0,0,0,0,0,0.7111111111111111,1,False,True,False
Luka Topalović,Inter,C,MF,SVN,19,1,0,10,0,1,0,0.16,0,0,2.266222222222222,1,False,True,False
Giovane,Napoli,C,MFFW,BRA,21,12,2,338,0,1,0.56,0.2,0,0,3.6111111111111116,1,False,True,False
Pasquale Mazzocchi,Napoli,C,MF,ITA,30,16,2,310,0,1,0.05,1.14,0,1,3.0123888888888883,1,False,True,False
Angeliño,Roma,C,MFDF,ESP,28,7,5,416,0,0,0.23,0.28,2,0,1.6689444444444441,1,False,True,False
Bryan Zaragoza,Roma,C,MF,ESP,23,4,2,135,0,1,0.18,0.81,1,0,3.3839999999999995,1,False,True,False
Lorenzo Venturino,Roma,C,MF,ITA,19,10,1,207,0,0,0.29,0.44,0,0,1.1535,1,False,True,False
Alessandro Romano,Roma,C,MF,SUI,19,2,0,8,0,0,0,0,0,0,0.017777777777777778,1,False,True,False
Andréa Le Borgne,Como,C,MF,FRA,19,1,0,1,0,0,0,0,0,0,0.0022222222222222222,1,False,True,False
Yunus Musah,Milan,C,MF,USA,22,1,1,90,0,0,0,0.63,0,0,0.8469999999999999,1,False,True,False
Juan David Cabal,Juventus,C,MF,COL,24,12,2,296,2,0,1.08,0.64,1,0,5.663777777777777,1,False,True,False
João Mário Lopes,Juventus,C,MF,POR,25,10,2,258,0,0,0.14,0.2,1,0,0.9783333333333333,1,False,True,False
Emil Holm,Juventus,C,MF,SWE,25,7,2,230,0,0,0.3,0.23,0,0,1.103111111111111,1,False,True,False
Vasilije Adžić,Juventus,C,MF,MNE,19,10,1,171,1,0,0.23,0.18,0,0,2.5444999999999998,1,False,True,False
Edon Zhegrova,Juventus,C,MF,KVX,26,19,0,382,0,0,0.76,1.03,1,0,2.3058888888888887,1,False,True,False
Daniel Maldini,Atalanta,C,MF,ITA,23,9,3,264,0,0,0.66,0.62,1,0,1.8396666666666666,1,False,True,False
Marco Brescianini,Atalanta,C,MF,ITA,25,9,0,182,1,0,0.2,0.1,1,0,2.3544444444444443,1,False,True,False
Ibrahim Sulemana,Bologna,C,MF,GHA,22,3,0,45,0,0,0,0,1,0,0.060000000000000005,1,False,True,False
Adrian Przyborek,Lazio,C,MF,POL,18,1,0,9,0,0,0.02,0,0,0,0.035,1,False,True,False
Oier Zarraga,Udinese,C,MF,ESP,26,24,2,475,0,0,0.6,0.13,2,0,1.7025555555555554,1,True,True,False
Juan Arizala,Udinese,C,MF,COL,19,10,1,191,0,0,0.03,0.14,0,0,0.6529444444444444,1,False,True,False
Sandi Lovrić,Udinese,C,MF,SVN,27,6,1,161,0,1,0.13,1.17,1,0,3.6482777777777775,1,False,True,False
Rui Modesto,Udinese,C,MF,ANG,25,3,0,119,0,1,0.01,0.44,0,0,2.7679444444444443,1,False,True,False
Abdoulaye Camara,Udinese,C,MF,FRA,16,1,0,12,0,0,0,0.04,0,0,0.06266666666666668,1,False,True,False
Daniel Boloca,Sassuolo,C,MF,ROU,26,2,2,135,0,0,0.1,0.04,0,0,0.5710000000000001,1,False,True,False
Edoardo Iannoni,Sassuolo,C,MF,ITA,24,15,1,260,1,0,0.76,0,3,0,2.8577777777777778,1,False,True,False
Darryl Bakola,Sassuolo,C,MF,FRA,17,6,1,128,0,1,0.13,0.47,0,0,2.9849444444444444,1,False,True,False
Andrea Ghion,Sassuolo,C,MF,ITA,25,1,0,10,0,0,0,0,0,0,0.022222222222222223,1,False,True,False
Christian Frangella,Sassuolo,C,MF,ITA,18,1,0,3,0,0,0,0,0,0,0.006666666666666667,1,False,True,False
Mathias Løvik,Parma,C,MF,NOR,21,9,5,471,0,0,0.18,0.14,0,0,1.7076666666666664,1,True,True,False
Ben Cremaschi,Parma,C,MF,USA,20,8,2,132,0,0,0.02,0.01,0,0,0.4773333333333334,1,False,True,False
Franco Carboni,Parma,C,MF,ITA,22,7,1,114,0,0,0,0,0,0,0.33333333333333337,1,False,True,False
Hernani,Parma,C,MF,BRA,31,4,0,73,0,0,0.04,0.03,0,0,0.21922222222222223,1,False,True,False
Tjaš Begić,Parma,C,MF,SVN,22,1,0,1,0,0,0,0,0,0,0.0022222222222222222,1,False,True,False
Ivan Ilić,Torino,C,MF,SRB,24,8,5,416,0,0,0,0.72,2,0,1.8924444444444442,1,False,True,False
Niels Nkounkou,Torino,C,MFDF,FRA,24,11,3,355,0,1,0.22,0.89,3,0,3.9748888888888887,1,False,True,False
Alieu Njie,Torino,C,MFFW,SWE,20,15,2,299,1,1,1.21,0.16,2,0,5.645944444444444,1,False,True,False
Faustino Anjorin,Torino,C,MF,ENG,23,15,1,289,0,0,0.6,0.12,1,0,1.2402222222222221,1,False,True,False
Mattia Felici,Cagliari,C,MF,ITA,24,12,4,412,2,1,1.34,0.76,3,0,8.404555555555556,1,False,True,False
Joseph Liteta,Cagliari,C,MF,ZAM,19,4,4,264,0,0,0,0,0,0,0.9066666666666667,1,False,True,False
Zito Luvumbo,Cagliari,C,MFFW,ANG,23,12,2,329,0,0,1.15,0.39,0,0,2.104611111111111,1,False,True,False
Nicolò Cavuoti,Cagliari,C,MF,ITA,22,4,0,44,0,0,0,0,0,0,0.09777777777777778,1,False,True,False
Mattia Viti,Fiorentina,C,MFDF,ITA,23,10,2,265,0,0,0,0,3,1,0.0,1,False,True,False
Tariq Lamptey,Fiorentina,C,MF,GHA,24,2,1,25,0,0,0,0.12,0,0,0.24355555555555553,1,False,True,False
Amir Richardson,Fiorentina,C,MF,MAR,23,2,0,42,0,0,0.01,0,0,0,0.10083333333333333,1,False,True,False
Abdelhamid Sabiri,Fiorentina,C,MF,MAR,28,1,0,27,0,0,0.01,0.14,0,0,0.1935,1,False,True,False
Piergiorgio Bonanno,Fiorentina,C,MF,ITA,18,0,0,0,0,0,,,0,0,0.0,1,False,False,True
Salvatore Cianciulli,Fiorentina,C,MF,ITA,16,0,0,0,0,0,,,0,0,0.0,1,False,False,True
Lapo Deli,Fiorentina,C,MF,ITA,19,0,0,0,0,0,,,0,0,0.0,1,False,False,True
Antonio Pirrò,Fiorentina,C,MF,ITA,17,0,0,0,0,0,,,0,0,0.0,1,False,False,True
Gianluca Mancini,Roma,D,DF,ITA,29,36,36,3059,4,2,2.39,2.72,9,0,34.12,15,True,True,False
Strahinja Pavlović,Milan,D,DF,SRB,24,34,33,2869,5,1,3.91,0.72,4,0,34.488,15,True,True,False
Pierre Kalulu,Juventus,D,DFMF,FRA,25,37,37,3281,2,4,1.45,5.54,4,1,32.753,15,True,True,False
Oumar Solet,Udinese,D,DF,FRA,25,35,34,2959,3,1,2.9,2.3,1,0,30.840000000000003,14,True,True,False
Marc-Oliver Kempf,Como,D,DF,GER,30,34,27,2326,4,1,3.28,1.1,3,0,28.427,13,True,True,False
Gleison Bremer,Juventus,D,DF,BRA,28,26,25,2171,4,3,2.71,0.41,5,0,28.528499999999998,13,True,True,False
Tarik Muharemovic,Sassuolo,D,DF,BIH,22,32,32,2835,2,2,2.83,0.93,7,0,27.8905,13,True,True,False
Dodô,Fiorentina,D,DFMF,BRA,26,36,36,3134,1,2,1.38,5.39,7,0,28.5875,13,True,True,False
Manuel Akanji,Inter,D,DF,SUI,30,33,31,2821,2,0,2.3,0.33,4,0,24.973499999999998,12,True,True,False
Evan N'Dicka,Roma,D,DF,CIV,25,31,31,2680,3,0,2.39,0.56,5,0,26.502999999999997,12,True,True,False
Mario Hermoso,Roma,D,DF,ESP,30,27,25,2085,3,2,2.19,0.86,9,0,24.483,12,True,True,False
Jacobo Ramón,Como,D,DF,ESP,20,32,30,2742,2,0,5.47,1.03,11,1,26.046499999999998,12,True,True,False
Juan Miranda,Bologna,D,DF,ESP,25,32,29,2573,1,3,0.52,4.5,6,0,24.657999999999998,12,True,True,False
Thomas Kristensen,Udinese,D,DF,DEN,23,28,28,2472,3,0,1.88,0.22,4,0,24.451,12,True,True,False
Enrico Delprato,Parma,D,DFMF,ITA,25,35,34,2951,2,0,2.26,0.78,5,0,26.189999999999998,12,True,True,False
Saúl Coco,Torino,D,DF,EQG,26,35,35,3088,1,1,1.16,0.76,3,0,25.075999999999997,12,True,True,False
Alessandro Bastoni,Inter,D,DF,ITA,26,28,28,2239,1,4,1.69,3.2,6,0,24.355999999999998,11,True,True,False
Yann Aurel Bisseck,Inter,D,DF,GER,24,23,21,1922,3,1,2.83,0.65,2,0,22.8495,11,True,True,False
Giovanni Di Lorenzo,Napoli,D,DFMF,ITA,31,26,26,2276,2,1,1.95,3,1,0,23.584999999999997,11,True,True,False
Lloyd Kelly,Juventus,D,DF,ENG,26,35,33,2996,1,1,0.97,1.06,4,0,24.230000000000004,11,True,True,False
Giorgio Scalvini,Atalanta,D,DF,ITA,21,24,23,1808,3,1,3.86,1.58,2,0,23.924999999999997,11,True,True,False
Adam Marušić,Lazio,D,DF,MNE,32,33,32,2778,1,2,1.74,1.54,1,1,23.899,11,True,True,False
Adam Obert,Cagliari,D,DFMF,SVK,22,35,33,2771,0,3,1.36,3.71,10,1,23.148500000000002,11,True,True,False
Robin Gosens,Fiorentina,D,DFMF,GER,31,26,24,1881,3,1,2.4,0.96,2,0,22.846999999999994,11,True,True,False
Álex Valle,Como,D,DF,ESP,21,28,23,2026,1,4,0.89,1.48,3,0,21.197000000000003,10,True,True,False
Christian Kabasele,Udinese,D,DF,BEL,34,30,28,2247,3,0,1.67,0.06,5,1,21.815,10,True,True,False
Jay Idzes,Sassuolo,D,DF,IDN,25,35,35,3061,0,0,0.2,0.74,2,0,20.967999999999996,10,True,True,False
Sebastian Walukiewicz,Sassuolo,D,DF,POL,25,34,33,2852,0,1,0.18,2.05,7,0,20.9945,10,True,True,False
Alessandro Circati,Parma,D,DF,AUS,21,31,31,2664,1,0,0.74,0.25,6,0,20.548499999999997,10,True,True,False
Guillermo Maripán,Torino,D,DF,CHI,31,27,24,2145,2,0,2.43,0.34,4,0,20.665,10,True,True,False
Marin Pongračić,Fiorentina,D,DF,CRO,27,35,33,2918,0,0,0.59,0.69,12,0,19.7815,10,True,True,False
Alessandro Buongiorno,Napoli,D,DF,ITA,26,33,28,2521,0,1,1.64,0.35,3,0,19.3385,9,True,True,False
Amir Rrahmani,Napoli,D,DF,KVX,31,21,21,1795,2,1,1.35,0.24,2,0,18.598,9,True,True,False
Fikayo Tomori,Milan,D,DF,ENG,27,33,31,2554,0,2,0.59,1,8,1,18.900999999999996,9,True,True,False
Matteo Gabbia,Milan,D,DF,ITA,25,30,28,2530,0,0,1.54,0.05,4,0,18.058500000000002,9,True,True,False
Berat Djimsiti,Atalanta,D,DF,ALB,32,34,29,2525,0,0,1.69,0.33,4,0,18.4445,9,True,True,False
Jhon Lucumí,Bologna,D,DF,COL,27,29,26,2287,1,0,1.38,0.79,5,0,18.7825,9,True,True,False
Alessio Romagnoli,Lazio,D,DF,ITA,30,32,31,2666,0,0,1.54,0.07,6,1,17.8975,9,True,True,False
Mario Gila,Lazio,D,DF,ESP,24,31,31,2472,0,0,1.63,0.72,4,1,17.401,9,True,True,False
Yerry Mina,Cagliari,D,DF,COL,30,26,26,2150,2,0,1.76,0.43,5,1,19.177500000000002,9,True,True,False
Luca Ranieri,Fiorentina,D,DF,ITA,26,34,29,2458,1,0,2.08,1.03,8,1,19.4755,9,True,True,False
Sam Beukema,Napoli,D,DF,NED,26,24,18,1681,2,0,1.73,0.39,2,0,16.937499999999996,8,True,True,False
Diego Carlos,Como,D,DF,BRA,32,27,21,1949,1,0,1.67,0.05,8,0,16.120500000000003,8,True,True,False
Alberto Moreno,Como,D,DF,ESP,33,19,13,1233,2,1,1.59,1.92,4,0,15.459999999999999,8,True,True,False
Koni De Winter,Milan,D,DF,BEL,23,26,19,1800,1,1,0.8,0.65,1,0,15.962499999999999,8,True,True,False
Isak Hien,Atalanta,D,DF,SWE,26,28,20,1970,1,0,1.08,0.11,5,0,15.7215,8,True,True,False
Nadir Zortea,Bologna,D,DF,ITA,26,32,16,1819,0,2,0.42,2.86,2,0,15.160000000000002,8,True,True,False
Lautaro Valenti,Parma,D,DF,ARG,26,27,25,2252,0,0,0.49,1.17,7,0,15.627500000000001,8,True,True,False
Gabriele Zappa,Cagliari,D,DFMF,ITA,25,31,18,1597,0,3,1.13,2.11,2,0,15.701499999999998,8,True,True,False
Ivan Smolčić,Como,D,DF,CRO,24,28,19,1662,0,1,1.13,1.46,8,0,13.483999999999996,7,True,True,False
Federico Gatti,Juventus,D,DF,ITA,27,21,12,1093,2,0,1.96,0.21,3,0,13.173499999999999,7,True,True,False
Torbjørn Heggem,Bologna,D,DF,NOR,26,27,23,2113,0,0,1.02,0.05,0,1,13.7555,7,True,True,False
Luca Pellegrini,Lazio,D,DF,ITA,26,24,17,1469,1,0,0.64,0.83,8,0,12.5445,7,True,True,False
Nicolò Bertola,Udinese,D,DFMF,ITA,22,28,18,1763,0,1,1,1.55,3,0,14.0125,7,True,True,False
Josh Doig,Sassuolo,D,DF,SCO,23,30,22,1917,0,0,0.75,1.5,5,0,13.985000000000003,7,True,True,False
Ardian Ismajli,Torino,D,DF,ALB,28,25,21,1906,0,1,0.75,0.54,5,0,14.398,7,True,True,False
Zé Pedro Figueiredo,Cagliari,D,DF,POR,28,23,20,1699,0,1,0.74,0.46,6,0,13.117999999999999,7,True,True,False
Sebastiano Luperto,Cagliari,D,DF,ITA,28,19,19,1706,1,0,0.6,0.53,3,0,14.1085,7,True,True,False
Pietro Comuzzo,Fiorentina,D,DF,ITA,20,27,18,1696,1,0,0.81,0.04,2,0,13.927000000000001,7,True,True,False
Francesco Acerbi,Inter,D,DF,ITA,37,18,15,1378,0,1,0.37,0.94,3,0,10.796000000000001,6,True,True,False
Mathías Olivera,Napoli,D,DFMF,URU,27,25,15,1370,0,0,1.79,0.6,3,0,10.831,6,True,True,False
Emil Holm,Bologna,D,DF,SWE,25,11,8,655,1,4,0.85,2.05,3,1,11.112499999999999,6,True,True,False
Nuno Tavares,Lazio,D,DF,POR,25,23,17,1473,0,0,1.13,1.18,5,0,11.213,6,True,True,False
Oliver Nielsen,Lazio,D,DF,DEN,22,26,13,1536,0,0,0.67,0.66,3,0,10.379999999999999,6,True,True,False
Ulisses Garcia,Sassuolo,D,DF,SUI,29,13,10,943,1,2,0.07,2.24,3,0,11.336,6,True,True,False
Mariano Troilo,Parma,D,DF,ARG,22,21,18,1625,1,0,0.98,0.66,8,2,11.304000000000002,6,True,True,False
Juan Rodríguez,Cagliari,D,DF,URU,20,17,16,1310,1,0,1.2,0,3,0,11.979999999999999,6,True,True,False
Juan Jesus,Napoli,D,DF,BRA,34,24,19,1675,0,0,0.21,0.27,10,1,9.8355,5,True,True,False
Honest Ahanor,Atalanta,D,DF,ITA,17,22,15,1377,0,0,2.38,0.12,2,1,10.031,5,True,True,False
Sead Kolašinac,Atalanta,D,DF,BIH,32,19,15,1212,0,0,0.12,0,3,0,8.268,5,True,True,False
Odilon Kossounou,Atalanta,D,DF,CIV,24,19,10,988,1,0,0.26,0.26,1,0,8.841000000000001,5,True,True,False
Martin Vitík,Bologna,D,DF,CZE,22,19,14,1325,0,0,0.74,0.17,3,0,9.317499999999999,5,True,True,False
Enzo Ebosse,Torino,D,DF,CMR,26,13,13,1115,0,1,0,0.52,3,0,8.659,5,True,True,False
Daniele Ghilardi,Roma,D,DF,ITA,22,23,9,1097,0,0,0.56,0.42,1,0,7.477999999999999,4,True,True,False
Ignace Van Der Brempt,Como,D,DF,BEL,23,20,11,931,0,1,0.16,0.82,2,0,7.768000000000001,4,True,True,False
João Mário Lopes,Bologna,D,DFMF,POR,25,10,10,735,1,0,0.14,0.54,1,0,7.594,4,True,True,False
Manuel Lazzari,Lazio,D,DF,ITA,31,23,9,938,0,0,0.11,0.13,2,0,6.0975,4,True,True,False
Woyo Coulibaly,Sassuolo,D,DF,MLI,26,20,9,1054,0,0,0.11,0.3,2,0,6.754,4,True,True,False
Adrien Tameze,Torino,D,DF,CMR,31,24,12,1120,0,0,0.22,0.27,3,0,7.569500000000001,4,True,True,False
Alberto Dossena,Cagliari,D,DF,ITA,26,12,9,859,0,1,0.9,0.61,5,0,7.5295000000000005,4,True,True,False
Stefan de Vrij,Inter,D,DF,NED,33,11,8,670,0,0,0.36,0.1,1,0,4.869,3,True,True,False
Nicolò Casale,Bologna,D,DF,ITA,27,12,8,678,0,0,0.75,0.2,0,0,5.3549999999999995,3,True,True,False
Babis Lykogiannis,Bologna,D,DF,GRE,31,10,7,627,0,1,0.22,1.5,3,0,5.958,3,True,True,False
Abdoulaye Ndiaye,Parma,D,DF,SEN,23,11,9,780,0,0,0.36,0.02,5,1,4.133,3,True,True,False
Pablo Marí,Fiorentina,D,DF,ESP,31,11,9,808,0,0,0.05,0.11,3,0,5.334499999999999,3,True,True,False
Jan Ziółkowski,Roma,D,DF,POL,20,18,5,517,0,0,0.14,0.04,3,0,3.3289999999999997,2,True,True,False
Lorenzo De Silvestri,Bologna,D,DF,ITA,37,12,6,491,0,0,0,0.16,2,0,3.327,2,True,True,False
Eivind Helland,Bologna,D,DF,NOR,20,6,6,484,0,0,0.1,0.15,2,0,3.3775,2,True,True,False
Fali Candé,Sassuolo,D,DF,GNB,27,12,5,509,0,0,0.17,0.01,2,0,3.3525000000000005,2,True,True,False
Luca Marianucci,Torino,D,DF,ITA,21,10,6,575,0,0,0.02,0.67,2,0,3.9945,2,True,True,False
Benjamin Pavard,Inter,D,DF,FRA,29,1,1,90,0,0,0.05,0.03,0,0,0.6585,1,False,True,False
Matteo Cocchi,Inter,D,DF,ITA,18,1,0,17,0,0,0,0,0,0,0.085,1,False,True,False
Luca Marianucci,Napoli,D,DF,ITA,21,2,1,119,0,1,0.01,0.31,0,0,1.9434999999999998,1,False,True,False
Stefan Posch,Como,D,DF,AUT,28,14,3,393,1,0,0.86,0.19,1,0,5.3245,1,False,True,False
Edoardo Goldaniga,Como,D,DF,ITA,31,2,0,15,0,0,0,0,0,0,0.075,1,False,True,False
Álex Jiménez,Milan,D,DF,ESP,20,1,0,45,0,0,0,0.14,1,0,0.23800000000000004,1,False,True,False
David Odogu,Milan,D,DF,GER,19,2,0,6,0,0,0,0,0,0,0.03,1,False,True,False
Daniele Rugani,Juventus,D,DF,ITA,31,6,3,250,0,0,0,0,0,0,1.7,1,False,True,False
Mitchel Bakker,Atalanta,D,DFMF,NED,25,1,0,9,0,0,0,0,0,0,0.045000000000000005,1,False,True,False
Elseid Hysaj,Lazio,D,DF,ALB,31,5,1,174,0,0,0,0,0,0,1.02,1,False,True,False
Saba Goglichidze,Udinese,D,DF,GEO,21,8,4,424,0,0,0.55,0.06,2,0,3.1420000000000003,1,False,True,False
Branimir Mlacic,Udinese,D,DF,CRO,18,7,2,166,0,0,0,0.05,2,0,1.0525,1,False,True,False
Matteo Palma,Udinese,D,DF,GER,17,5,1,120,0,0,0,0,0,0,0.75,1,False,True,False
Filippo Romagna,Sassuolo,D,DF,ITA,28,5,4,313,0,0,0.05,0,0,0,2.21,1,False,True,False
Pedro Felipe,Sassuolo,D,DF,BRA,21,3,1,129,0,1,0,0.37,0,0,2.0115,1,False,True,False
Tommaso Macchioni,Sassuolo,D,DF,ITA,19,1,1,90,0,0,0.5,0,1,0,0.9999999999999998,1,False,True,False
Cas Odenthal,Sassuolo,D,DF,NED,24,1,0,1,0,0,0,0,0,0,0.005,1,False,True,False
Adam Masina,Torino,D,DF,MAR,31,5,2,235,0,1,0,0.41,0,0,2.7095000000000002,1,False,True,False
Ali Dembélé,Torino,D,DF,FRA,21,2,0,21,0,0,0.05,0,0,0,0.15000000000000002,1,False,True,False
Alessandro Di Pardo,Cagliari,D,DFMF,ITA,26,3,0,54,0,0,0.1,0,0,0,0.36,1,False,True,False
Othniel Raterink,Cagliari,D,DF,NED,19,1,0,7,0,0,0,0,0,0,0.035,1,False,True,False
Daniele Rugani,Fiorentina,D,DF,ITA,31,6,4,327,0,0,0.27,0,2,0,2.3779999999999997,1,False,True,False
Luís Balbo,Fiorentina,D,DF,VEN,19,6,1,212,0,0,0,0.06,0,0,1.2369999999999999,1,False,True,False
Eddy Kouadio,Fiorentina,D,DF,CIV,19,3,0,72,0,0,0,0.01,0,0,0.36450000000000005,1,False,True,False
Eman Košpo,Fiorentina,D,DF,BIH,18,0,0,0,0,0,,,0,0,0.0,1,False,False,True
Edoardo Sadotti,Fiorentina,D,DF,ITA,19,0,0,0,0,0,,,0,0,0.0,1,False,False,True
Mile Svilar,Roma,P,GK,SRB,25,38,38,3420,0,0,0,0,0,0,45.6,15,True,True,False
Jean Butez,Como,P,GK,FRA,30,38,38,3420,0,1,0,0.45,3,0,45.6,15,True,True,False
Mike Maignan,Milan,P,GK,FRA,30,37,37,3295,0,0,0,0,4,0,44.050000000000004,15,True,True,False
Marco Carnesecchi,Atalanta,P,GK,ITA,25,37,37,3330,0,0,0,0,0,0,44.400000000000006,15,True,True,False
Elia Caprile,Cagliari,P,GK,ITA,23,38,38,3420,0,0,0,0.12,2,0,45.6,15,True,True,False
David de Gea,Fiorentina,P,GK,ESP,34,37,37,3330,0,0,0,0.03,0,0,44.400000000000006,15,True,True,False
Yann Sommer,Inter,P,GK,SUI,36,33,33,2960,0,0,0,0,0,0,39.5,14,True,True,False
Arijanet Muric,Sassuolo,P,GK,KVX,26,32,32,2880,0,0,0,0.03,4,0,38.4,13,True,True,False
Michele Di Gregorio,Juventus,P,GK,ITA,28,30,29,2655,0,0,0,0,1,0,35.25,12,True,True,False
Maduka Okoye,Udinese,P,GK,NGA,25,30,30,2616,0,0,0,0.07,1,1,33.16,12,True,True,False
Alberto Paleari,Torino,P,GK,ITA,32,29,29,2610,0,0,0,0,1,0,34.8,12,True,True,False
Vanja Milinković-Savić,Napoli,P,GK,SRB,28,27,27,2430,0,1,0,0.3,0,0,32.4,11,True,True,False
Ivan Provedel,Lazio,P,GK,ITA,31,27,27,2430,0,0,0,0.23,1,0,32.4,11,True,True,False
Zion Suzuki,Parma,P,GK,JPN,22,20,20,1800,0,0,0,0.03,1,0,24.0,9,True,True,False
Edoardo Corvi,Parma,P,GK,ITA,24,17,17,1530,0,0,0,0,1,0,20.4,8,True,True,False
Łukasz Skorupski,Bologna,P,GK,POL,34,19,19,1592,0,0,0,0,1,1,19.62,7,True,True,False
Federico Ravaglia,Bologna,P,GK,ITA,25,17,16,1470,0,0,0,0,4,0,19.5,7,True,True,False
Alex Meret,Napoli,P,GK,ITA,28,11,11,979,0,1,0,0.27,1,0,13.09,5,True,True,False
Mattia Perin,Juventus,P,GK,ITA,32,9,9,765,0,0,0,0.08,0,0,10.35,4,True,True,False
Edoardo Motta,Lazio,P,GK,ITA,20,9,9,810,0,0,0,0.05,1,0,10.799999999999999,4,True,True,False
Franco Israel,Torino,P,GK,URU,25,9,9,810,0,0,0,0,1,0,10.799999999999999,4,True,True,False
Josep Martinez,Inter,P,GK,ESP,27,5,5,450,0,0,0,0,0,0,6.0,3,True,True,False
Razvan Sava,Udinese,P,GK,ROU,23,7,6,620,0,0,0,0,1,0,8.0,3,True,True,False
Stefano Turati,Sassuolo,P,GK,ITA,23,6,6,532,0,0,0,0.04,0,0,7.12,3,True,True,False
Massimo Pessina,Bologna,P,GK,ITA,17,4,3,353,0,0,0,0,0,0,4.43,2,True,True,False
Raffaele Di Gennaro,Inter,P,GK,ITA,31,1,0,10,0,0,0,0,0,0,0.09999999999999999,1,False,True,False
Nikita Contini,Napoli,P,GK,ITA,29,1,0,11,0,0,0,0,0,0,0.11,1,False,True,False
Pietro Terracciano,Milan,P,GK,ITA,35,2,1,125,0,0,0,0,0,0,1.55,1,False,True,False
Marco Sportiello,Atalanta,P,GK,ITA,33,1,1,90,0,0,0,0,0,0,1.2,1,False,True,False
Alessio Furlanetto,Lazio,P,GK,ITA,23,2,2,180,0,0,0,0,0,0,2.4,1,False,True,False
Daniele Padelli,Udinese,P,GK,ITA,39,2,2,180,0,0,0,0,0,0,2.4,1,False,True,False
Gioele Zacchi,Sassuolo,P,GK,ITA,22,1,0,8,0,0,0,0,0,0,0.08,1,False,True,False
Filippo Rinaldi,Parma,P,GK,ITA,22,1,1,90,0,0,0,0,1,0,1.2,1,False,True,False
Oliver Christensen,Fiorentina,P,GK,DEN,26,1,1,86,0,0,0,0,0,0,1.1600000000000001,1,False,True,False
Luca Lezzerini,Fiorentina,P,GK,ITA,30,1,0,4,0,0,0,0,0,0,0.04,1,False,True,False
Pietro Leonardelli,Fiorentina,P,GK,ITA,19,0,0,0,0,0,,,0,0,0.0,1,False,False,True
Tommaso Martinelli,Fiorentina,P,GK,ITA,19,0,0,0,0,0,,,0,0,0.0,1,False,False,True
